{"entities":{"pages":{"사용가이드":{"id":"사용가이드","title":"사용가이드","url":"사용가이드.html","level":0,"pages":["등록","프로젝트-만들기","분석","분석-결과","SBOM-내보내기"],"tabIndex":0},"등록":{"id":"등록","title":"계정 등록하기","url":"등록.html","level":1,"parentId":"사용가이드","tabIndex":0},"프로젝트-만들기":{"id":"프로젝트-만들기","title":"프로젝트 만들기","url":"프로젝트-만들기.html","level":1,"parentId":"사용가이드","tabIndex":1},"분석":{"id":"분석","title":"분석","url":"분석.html","level":1,"parentId":"사용가이드","tabIndex":2},"분석-결과":{"id":"분석-결과","title":"분석 결과","url":"분석-결과.html","level":1,"parentId":"사용가이드","pages":["이슈","자산","컴포넌트"],"tabIndex":3},"이슈":{"id":"이슈","title":"이슈","url":"이슈.html","level":2,"parentId":"분석-결과","tabIndex":0},"자산":{"id":"자산","title":"자산","url":"자산.html","level":2,"parentId":"분석-결과","tabIndex":1},"컴포넌트":{"id":"컴포넌트","title":"컴포넌트","url":"컴포넌트.html","level":2,"parentId":"분석-결과","tabIndex":2},"SBOM-내보내기":{"id":"SBOM-내보내기","title":"SBOM 내보내기","url":"sbom-내보내기.html","level":1,"parentId":"사용가이드","tabIndex":4},"FAQ":{"id":"FAQ","title":"FAQ","url":"faq.html","level":0,"pages":["구독","프로젝트와-분석","분석 옵션","SBOM-분석하기"],"tabIndex":1},"구독":{"id":"구독","title":"구독","url":"구독.html","level":1,"parentId":"FAQ","tabIndex":0},"프로젝트와-분석":{"id":"프로젝트와-분석","title":"GitHub 저장소","url":"프로젝트와-분석.html","level":1,"parentId":"FAQ","tabIndex":1},"분석 옵션":{"id":"분석 옵션","title":"분석 옵션","url":"분석-옵션.html","level":1,"parentId":"FAQ","tabIndex":2},"SBOM-분석하기":{"id":"SBOM-분석하기","title":"SBOM 분석하기","url":"sbom-분석하기.html","level":1,"parentId":"FAQ","tabIndex":3}}},"topLevelIds":["사용가이드","FAQ"]}